sku,on_hand_cases,on_order_cases,eta_date
WTR-169OZ-24PK,845,483,2026-02-11
WTR-500ML-24PK,2488,1342,2026-02-15
WTR-1L-12PK,2096,1726,2026-02-10
WTR-1GAL-6PK,2239,119,2026-02-13
WTR-35PK,1607,644,2026-02-11
WTR-8OZ-48PK,723,1484,2026-02-12
WTR-169OZ-48PK,982,1662,2026-02-11
WTR-1L-35PK,2313,1657,2026-02-14
WTR-700ML-6PK,664,280,2026-02-11
WTR-1L-24PK,1570,276,2026-02-13
WTR-169OZ-35PK,554,972,2026-02-10
WTR-15L-48PK,1859,99,2026-02-11
